{
	"mapData":[
	  {
	    "latitud": -34.52133782929332,
	    "longitud": -58.70068073272705
	  },
	  {
	    "latitud": -34.520772089706036,
	    "longitud": -58.702311515808105
	  }
	]
}